use clubs_efrei;

INSERT INTO types_club (TYPE_CLUB) VALUE ('Culture et Loisirs');
INSERT INTO types_club (TYPE_CLUB) VALUE ('Artistique');
INSERT INTO types_club (TYPE_CLUB) VALUE ('Evenementielle');
INSERT INTO types_club (TYPE_CLUB) VALUE ('Humanitaire');
INSERT INTO types_club (TYPE_CLUB) VALUE ('Internationale');
INSERT INTO types_club (TYPE_CLUB) VALUE ('Professionnelle');
INSERT INTO types_club (TYPE_CLUB) VALUE ('Sportive');
INSERT INTO types_club (TYPE_CLUB) VALUE ('Technologique');

INSERT INTO types_event (TYPE_EVENT) VALUE ('Soiree');
INSERT INTO types_event (TYPE_EVENT) VALUE ('Pod');
INSERT INTO types_event (TYPE_EVENT) VALUE ('Workshop');
INSERT INTO types_event (TYPE_EVENT) VALUE ('Formation');
INSERT INTO types_event (TYPE_EVENT) VALUE ('Bootcamp');
INSERT INTO types_event (TYPE_EVENT) VALUE ('Hackathon');
INSERT INTO types_event (TYPE_EVENT) VALUE ('Rézal');
INSERT INTO types_event (TYPE_EVENT) VALUE ('Concert');
INSERT INTO types_event (TYPE_EVENT) VALUE ('Campus');
INSERT INTO types_event (TYPE_EVENT) VALUE ('Autre');

INSERT INTO etats_rapports (ETAT) VALUE ('absent');
INSERT INTO etats_rapports (ETAT) VALUE ('en cours de création');
INSERT INTO etats_rapports (ETAT) VALUE ('en attente de signature');
INSERT INTO etats_rapports (ETAT) VALUE ('signé');
INSERT INTO etats_rapports (ETAT) VALUE ('soumis');

INSERT INTO poste (TITRE) VALUE ('Président');
INSERT INTO poste (TITRE) VALUE ('Trésorier');
INSERT INTO poste (TITRE) VALUE ('Secrétaire');
INSERT INTO poste (TITRE) VALUE ('Vice-Président');
INSERT INTO poste (TITRE) VALUE ('Responsable');

INSERT INTO type_traitement (INTITULE) VALUE ('sanction');
INSERT INTO type_traitement (INTITULE) VALUE ('avertissement');
INSERT INTO type_traitement (INTITULE) VALUE ('récompense');

INSERT INTO provenances (INTITULE) VALUE ('admin');
INSERT INTO provenances (INTITULE) VALUE ('panthéon assas');
INSERT INTO provenances (INTITULE) VALUE ('sponsors');
INSERT INTO provenances (INTITULE) VALUE ('efrei');
INSERT INTO provenances (INTITULE) VALUE ('entreprise');
INSERT INTO provenances (INTITULE) VALUE ('journal');
INSERT INTO provenances (INTITULE) VALUE ('associations');

INSERT INTO clubs (NOM_CLUB, DATE_CREATION, DESCRIPTION, TYPE_ID)
VALUES ('Club-Rézo', '2012-00-00', 'Organise des LAN grâce à son infrastrcture réseau.', 1);
INSERT INTO clubs (NOM_CLUB, DATE_CREATION, DESCRIPTION, TYPE_ID)
VALUES ('BDE', '1992-00-00', 'Fait vivre la vie du campus', 3);
INSERT INTO clubs (NOM_CLUB, DATE_CREATION, DESCRIPTION, TYPE_ID)
VALUES ('Le Live Efrei', '1992-00-00', 'Fait de la musique', 1);
INSERT INTO clubs (NOM_CLUB, DATE_CREATION, DESCRIPTION, TYPE_ID)
VALUES ('ICE Efrei', '2016-00-00', 'Innovation, Conception, Evolution', 8);
INSERT INTO clubs (NOM_CLUB, DATE_CREATION, DESCRIPTION, TYPE_ID)
VALUES ('Ogma Efrei', '2014-00-00', 'Ogma est l''association d''éloquence,de réthorique et de débat de l''Efrei', 6);
INSERT INTO clubs (NOM_CLUB, DATE_CREATION, DESCRIPTION, TYPE_ID)
VALUES ('Toudoom', '2022-00-00',
        'Toudoom ! Cette association vous permettra de découvrir en direct de nombreux événements efreiens sur le campus et en dehors.',
        2);
INSERT INTO clubs (NOM_CLUB, DATE_CREATION, DESCRIPTION, TYPE_ID)
VALUES ('Make Me Up', '2015-00-00',
        'Make-Me Up EFREI Paris est une association sur le thème beauté et bien-être. Notre objectif est de présenter différents moyens de prendre soin de soi physiquement et ainsi mentalement aux étudiants.',
        2);
INSERT INTO clubs (NOM_CLUB, DATE_CREATION, DESCRIPTION, TYPE_ID)
VALUES ('4eSport', '2012-00-00', '4eSport c''est le fun par la performance, l''association des jeux vidéos compétitifs',
        1);
INSERT INTO clubs (NOM_CLUB, DATE_CREATION, DESCRIPTION, TYPE_ID)
VALUES ('Breizh Efrei', '2022-00-00',
        'Viens partager de bons moments autour de la culture, des traditions bretonnes et d''un bon cidre avec Breizh Efrei',
        1);
INSERT INTO clubs (NOM_CLUB, DATE_CREATION, DESCRIPTION, TYPE_ID)
VALUES ('Cap Efrei', '2022-00-00',
        'CAPEFREI est l’association de voile de l’Efrei ! À la recherche d’une escapade en Bretagne où en Normandie le temps de week-end ? C’est l’association qu’il vous faut ⛵️',
        7);
INSERT INTO clubs (NOM_CLUB, DATE_CREATION, DESCRIPTION, TYPE_ID)
VALUES ('Efrei Chefs', '2014-00-00',
        'Cuisiner dans la joie et la bonne humeur est la devise d''Efrei Chefs. Vous connaissez probablement nos célèbres crêpes ;)',
        3);
INSERT INTO clubs (NOM_CLUB, DATE_CREATION, DESCRIPTION, TYPE_ID)
VALUES ('Efrei Picture Studio', '2002-00-00', 'Efrei Picture Studio est l’association de photo/vidéo de l’école.', 2);


INSERT INTO etudiants (NUM_ETUDIANT, NOM_ETUDIANT, CLASSE, NIVEAU, GENRE, DATE_NAISSANCE)
VALUES ('20190625', 'Marc DESBUT', 'D', 'L3', 'M', '2001-06-09');
INSERT INTO etudiants (NUM_ETUDIANT, NOM_ETUDIANT, CLASSE, NIVEAU, GENRE, DATE_NAISSANCE)
VALUES ('20210385', 'Patrick TELLIM', 'A', 'L1', 'M', '2003-05-19');
INSERT INTO etudiants (NUM_ETUDIANT, NOM_ETUDIANT, CLASSE, NIVEAU, GENRE, DATE_NAISSANCE)
VALUES ('20210123', 'Elodie VAGUE', 'D', 'L2 INT2', 'F', '2002-11-13');
INSERT INTO etudiants (NUM_ETUDIANT, NOM_ETUDIANT, CLASSE, NIVEAU, GENRE, DATE_NAISSANCE)
VALUES ('20210155', 'Isabelle BLANCHE', 'D', 'L2 INT2', 'F', '2002-02-28');
INSERT INTO etudiants (NUM_ETUDIANT, NOM_ETUDIANT, CLASSE, NIVEAU, GENRE, DATE_NAISSANCE)
VALUES ('20180528', 'Michel LANGE', 'A', 'M1 IRV', 'M', '2000-05-25');
INSERT INTO etudiants (NUM_ETUDIANT, NOM_ETUDIANT, CLASSE, NIVEAU, GENRE, DATE_NAISSANCE)
VALUES ('20180183', 'Erwan ANTIPASTI', 'A', 'M1 SE', 'M', '2000-06-07');
INSERT INTO etudiants (NUM_ETUDIANT, NOM_ETUDIANT, CLASSE, NIVEAU, GENRE, DATE_NAISSANCE)
VALUES ('20170153', 'Léna VET', 'A', 'M2 SE', 'F', '1999-12-27');
INSERT INTO etudiants (NUM_ETUDIANT, NOM_ETUDIANT, CLASSE, NIVEAU, GENRE, DATE_NAISSANCE)
VALUES ('20190321', 'Nathan PA', 'C', 'L3 NEW', 'M', '2000-10-20');
INSERT INTO etudiants (NUM_ETUDIANT, NOM_ETUDIANT, CLASSE, NIVEAU, GENRE, DATE_NAISSANCE)
VALUES ('20190156', 'Vincent TIME', 'B', 'L3 INT1', 'M', '2001-06-20');
INSERT INTO etudiants (NUM_ETUDIANT, NOM_ETUDIANT, CLASSE, NIVEAU, GENRE, DATE_NAISSANCE)
VALUES ('20190294', 'Celine DESCHAMPS', 'C', 'L3', 'F', '2001-08-01');
INSERT INTO etudiants (NUM_ETUDIANT, NOM_ETUDIANT, CLASSE, NIVEAU, GENRE, DATE_NAISSANCE)
VALUES ('20210234', 'Chloe FRIZOU', 'B', 'L1', 'F', '2003-12-24');
INSERT INTO etudiants (NUM_ETUDIANT, NOM_ETUDIANT, CLASSE, NIVEAU, GENRE, DATE_NAISSANCE)
VALUES ('20200272', 'Joyce RUST', 'C', 'L2', 'F', '2002-07-12');
INSERT INTO etudiants (NUM_ETUDIANT, NOM_ETUDIANT, CLASSE, NIVEAU, GENRE, DATE_NAISSANCE)
VALUES ('20200122', 'Méric CHMIELEWSKI', 'A', 'L2', 'M', '2002-03-02');
INSERT INTO etudiants (NUM_ETUDIANT, NOM_ETUDIANT, CLASSE, NIVEAU, GENRE, DATE_NAISSANCE)
VALUES ('20180395', 'Fareed HAKIMI', 'A', 'M1 CIL', 'M', '2000-07-29');
INSERT INTO etudiants (NUM_ETUDIANT, NOM_ETUDIANT, CLASSE, NIVEAU, GENRE, DATE_NAISSANCE)
VALUES ('20190108', 'Chen LAI', 'D', 'L3', 'M', '2001-11-12');
INSERT INTO etudiants (NUM_ETUDIANT, NOM_ETUDIANT, CLASSE, NIVEAU, GENRE, DATE_NAISSANCE)
VALUES ('20170425', 'Francis KOUIGN-AMANN', 'A', 'M2 SRD', 'M', '1999-05-24');
INSERT INTO etudiants (NUM_ETUDIANT, NOM_ETUDIANT, CLASSE, NIVEAU, GENRE, DATE_NAISSANCE)
VALUES ('20190215', 'Sebastien FABLAB', 'D', 'L3', 'M', '2001-06-13');

INSERT INTO membres (CLUB_ID, NUM_ETUDIANT)
VALUES (1, 20180528);
INSERT INTO membres (CLUB_ID, NUM_ETUDIANT)
VALUES (1, 20170153);
INSERT INTO membres (CLUB_ID, NUM_ETUDIANT)
VALUES (2, 20180183);
INSERT INTO membres (CLUB_ID, NUM_ETUDIANT)
VALUES (2, 20190156);
INSERT INTO membres (CLUB_ID, NUM_ETUDIANT)
VALUES (2, 20210123);
INSERT INTO membres (CLUB_ID, NUM_ETUDIANT)
VALUES (3, 20200272);
INSERT INTO membres (CLUB_ID, NUM_ETUDIANT)
VALUES (3, 20210385);
INSERT INTO membres (CLUB_ID, NUM_ETUDIANT)
VALUES (3, 20210234);
INSERT INTO membres (CLUB_ID, NUM_ETUDIANT)
VALUES (3, 20190625);
INSERT INTO membres (CLUB_ID, NUM_ETUDIANT)
VALUES (3, 20190294);
INSERT INTO membres (CLUB_ID, NUM_ETUDIANT)
VALUES (3, 20190215);
INSERT INTO membres (CLUB_ID, NUM_ETUDIANT)
VALUES (3, 20170153);
INSERT INTO membres (CLUB_ID, NUM_ETUDIANT)
VALUES (3, 20170425);
INSERT INTO membres (CLUB_ID, NUM_ETUDIANT)
VALUES (3, 20180395);
INSERT INTO membres (CLUB_ID, NUM_ETUDIANT)
VALUES (3, 20180528);
INSERT INTO membres (CLUB_ID, NUM_ETUDIANT)
VALUES (3, 20190156);
INSERT INTO membres (CLUB_ID, NUM_ETUDIANT)
VALUES (3, 20190321);
INSERT INTO membres (CLUB_ID, NUM_ETUDIANT)
VALUES (4, 20190321);
INSERT INTO membres (CLUB_ID, NUM_ETUDIANT)
VALUES (6, 20210234);
INSERT INTO membres (CLUB_ID, NUM_ETUDIANT)
VALUES (6, 20190108);
INSERT INTO membres (CLUB_ID, NUM_ETUDIANT)
VALUES (7, 20210155);
INSERT INTO membres (CLUB_ID, NUM_ETUDIANT)
VALUES (8, 20180528);
INSERT INTO membres (CLUB_ID, NUM_ETUDIANT)
VALUES (8, 20200122);
INSERT INTO membres (CLUB_ID, NUM_ETUDIANT)
VALUES (8, 20190294);
INSERT INTO membres (CLUB_ID, NUM_ETUDIANT)
VALUES (9, 20190321);
INSERT INTO membres (CLUB_ID, NUM_ETUDIANT)
VALUES (10, 20210123);
INSERT INTO membres (CLUB_ID, NUM_ETUDIANT)
VALUES (11, 20190156);
INSERT INTO membres (CLUB_ID, NUM_ETUDIANT)
VALUES (12, 20190156);

INSERT INTO responsabilites (CLUB_ID, NUM_ETUDIANT, POSTE_ID, DATE_DEBUT, DATE_FIN)
VALUES (1, 20190625, 1, '2021-04-08', '2022-04-08');
INSERT INTO responsabilites (CLUB_ID, NUM_ETUDIANT, POSTE_ID, DATE_DEBUT, DATE_FIN)
VALUES (1, 20190156, 2, '2021-04-08', '2022-04-08');
INSERT INTO responsabilites (CLUB_ID, NUM_ETUDIANT, POSTE_ID, DATE_DEBUT, DATE_FIN)
VALUES (1, 20200122, 3, '2021-04-08', '2022-04-08');

INSERT INTO responsabilites (CLUB_ID, NUM_ETUDIANT, POSTE_ID, DATE_DEBUT, DATE_FIN)
VALUES (1, 20210385, 1, '2022-04-08', '2023-04-08');
INSERT INTO responsabilites (CLUB_ID, NUM_ETUDIANT, POSTE_ID, DATE_DEBUT, DATE_FIN)
VALUES (1, 20210123, 2, '2022-04-08', '2023-04-08');
INSERT INTO responsabilites (CLUB_ID, NUM_ETUDIANT, POSTE_ID, DATE_DEBUT, DATE_FIN)
VALUES (1, 20180395, 3, '2022-04-08', '2023-04-08');
INSERT INTO responsabilites (CLUB_ID, NUM_ETUDIANT, POSTE_ID, DATE_DEBUT, DATE_FIN)
VALUES (1, 20180183, 4, '2022-04-08', '2023-04-08');
INSERT INTO responsabilites (CLUB_ID, NUM_ETUDIANT, POSTE_ID, DATE_DEBUT, DATE_FIN)
VALUES (1, 20190156, 5, '2022-04-08', '2023-04-08');

INSERT INTO responsabilites (CLUB_ID, NUM_ETUDIANT, POSTE_ID, DATE_DEBUT, DATE_FIN)
VALUES (2, 20200272, 1, '2021-03-26', '2022-03-26');
INSERT INTO responsabilites (CLUB_ID, NUM_ETUDIANT, POSTE_ID, DATE_DEBUT, DATE_FIN)
VALUES (2, 20180528, 2, '2021-03-26', '2022-03-26');
INSERT INTO responsabilites (CLUB_ID, NUM_ETUDIANT, POSTE_ID, DATE_DEBUT, DATE_FIN)
VALUES (2, 20190321, 3, '2021-03-26', '2022-03-26');
INSERT INTO responsabilites (CLUB_ID, NUM_ETUDIANT, POSTE_ID, DATE_DEBUT, DATE_FIN)
VALUES (2, 20170153, 4, '2021-03-26', '2022-03-26');

INSERT INTO responsabilites (CLUB_ID, NUM_ETUDIANT, POSTE_ID, DATE_DEBUT, DATE_FIN)
VALUES (2, 20180528, 1, '2022-03-26', '2023-03-26');
INSERT INTO responsabilites (CLUB_ID, NUM_ETUDIANT, POSTE_ID, DATE_DEBUT, DATE_FIN)
VALUES (2, 20200272, 2, '2022-03-26', '2023-03-26');
INSERT INTO responsabilites (CLUB_ID, NUM_ETUDIANT, POSTE_ID, DATE_DEBUT, DATE_FIN)
VALUES (2, 20170153, 3, '2022-03-26', '2023-03-26');
INSERT INTO responsabilites (CLUB_ID, NUM_ETUDIANT, POSTE_ID, DATE_DEBUT, DATE_FIN)
VALUES (2, 20190321, 4, '2022-03-26', '2023-03-26');
INSERT INTO responsabilites (CLUB_ID, NUM_ETUDIANT, POSTE_ID, DATE_DEBUT, DATE_FIN)
VALUES (2, 20210385, 5, '2022-03-26', '2023-03-26');
INSERT INTO responsabilites (CLUB_ID, NUM_ETUDIANT, POSTE_ID, DATE_DEBUT, DATE_FIN)
VALUES (2, 20190625, 5, '2022-03-26', '2023-03-26');

INSERT INTO responsabilites (CLUB_ID, NUM_ETUDIANT, POSTE_ID, DATE_DEBUT, DATE_FIN)
VALUES (3, 20170153, 1, '2021-03-28', '2022-03-28');
INSERT INTO responsabilites (CLUB_ID, NUM_ETUDIANT, POSTE_ID, DATE_DEBUT, DATE_FIN)
VALUES (3, 20190294, 2, '2021-03-28', '2022-03-28');
INSERT INTO responsabilites (CLUB_ID, NUM_ETUDIANT, POSTE_ID, DATE_DEBUT, DATE_FIN)
VALUES (3, 20200122, 3, '2021-03-28', '2022-03-28');

INSERT INTO responsabilites (CLUB_ID, NUM_ETUDIANT, POSTE_ID, DATE_DEBUT, DATE_FIN)
VALUES (3, 20200122, 1, '2022-03-28', '2023-03-28');
INSERT INTO responsabilites (CLUB_ID, NUM_ETUDIANT, POSTE_ID, DATE_DEBUT, DATE_FIN)
VALUES (3, 20180183, 2, '2022-03-28', '2023-03-28');
INSERT INTO responsabilites (CLUB_ID, NUM_ETUDIANT, POSTE_ID, DATE_DEBUT, DATE_FIN)
VALUES (3, 20190108, 3, '2022-03-28', '2023-03-28');

INSERT INTO responsabilites (CLUB_ID, NUM_ETUDIANT, POSTE_ID, DATE_DEBUT, DATE_FIN)
VALUES (4, 20200272, 1, '2021-04-11', '2022-04-11');
INSERT INTO responsabilites (CLUB_ID, NUM_ETUDIANT, POSTE_ID, DATE_DEBUT, DATE_FIN)
VALUES (4, 20210123, 2, '2021-04-11', '2022-04-11');
INSERT INTO responsabilites (CLUB_ID, NUM_ETUDIANT, POSTE_ID, DATE_DEBUT, DATE_FIN)
VALUES (4, 20210234, 3, '2021-04-11', '2022-04-11');

INSERT INTO responsabilites (CLUB_ID, NUM_ETUDIANT, POSTE_ID, DATE_DEBUT, DATE_FIN)
VALUES (4, 20210123, 1, '2022-04-11', '2023-04-11');
INSERT INTO responsabilites (CLUB_ID, NUM_ETUDIANT, POSTE_ID, DATE_DEBUT, DATE_FIN)
VALUES (4, 20200272, 2, '2022-04-11', '2023-04-11');

INSERT INTO responsabilites (CLUB_ID, NUM_ETUDIANT, POSTE_ID, DATE_DEBUT, DATE_FIN)
VALUES (5, 20180395, 1, '2021-03-28', '2023-03-28');

INSERT INTO responsabilites (CLUB_ID, NUM_ETUDIANT, POSTE_ID, DATE_DEBUT, DATE_FIN)
VALUES (6, 20190294, 1, '2022-02-14', '2023-02-14');
INSERT INTO responsabilites (CLUB_ID, NUM_ETUDIANT, POSTE_ID, DATE_DEBUT, DATE_FIN)
VALUES (6, 20190625, 2, '2022-02-14', '2023-02-14');
INSERT INTO responsabilites (CLUB_ID, NUM_ETUDIANT, POSTE_ID, DATE_DEBUT, DATE_FIN)
VALUES (6, 20170153, 3, '2022-02-14', '2023-02-14');

INSERT INTO responsabilites (CLUB_ID, NUM_ETUDIANT, POSTE_ID, DATE_DEBUT, DATE_FIN)
VALUES (7, 20200122, 1, '2021-04-02', '2022-04-02');
INSERT INTO responsabilites (CLUB_ID, NUM_ETUDIANT, POSTE_ID, DATE_DEBUT, DATE_FIN)
VALUES (7, 20170153, 2, '2021-04-02', '2022-04-02');
INSERT INTO responsabilites (CLUB_ID, NUM_ETUDIANT, POSTE_ID, DATE_DEBUT, DATE_FIN)
VALUES (7, 20190321, 3, '2021-04-02', '2022-04-02');
INSERT INTO responsabilites (CLUB_ID, NUM_ETUDIANT, POSTE_ID, DATE_DEBUT, DATE_FIN)
VALUES (7, 20190156, 4, '2021-04-02', '2022-04-02');

INSERT INTO responsabilites (CLUB_ID, NUM_ETUDIANT, POSTE_ID, DATE_DEBUT, DATE_FIN)
VALUES (7, 20210155, 1, '2022-04-02', '2023-04-02');
INSERT INTO responsabilites (CLUB_ID, NUM_ETUDIANT, POSTE_ID, DATE_DEBUT, DATE_FIN)
VALUES (7, 20190321, 2, '2022-04-02', '2023-04-02');
INSERT INTO responsabilites (CLUB_ID, NUM_ETUDIANT, POSTE_ID, DATE_DEBUT, DATE_FIN)
VALUES (7, 20190294, 3, '2022-04-02', '2023-04-02');

INSERT INTO responsabilites (CLUB_ID, NUM_ETUDIANT, POSTE_ID, DATE_DEBUT, DATE_FIN)
VALUES (8, 20180528, 1, '2021-02-14', '2022-02-14');
INSERT INTO responsabilites (CLUB_ID, NUM_ETUDIANT, POSTE_ID, DATE_DEBUT, DATE_FIN)
VALUES (8, 20170153, 2, '2021-02-14', '2022-02-14');
INSERT INTO responsabilites (CLUB_ID, NUM_ETUDIANT, POSTE_ID, DATE_DEBUT, DATE_FIN)
VALUES (8, 20190625, 3, '2021-02-14', '2022-02-14');
INSERT INTO responsabilites (CLUB_ID, NUM_ETUDIANT, POSTE_ID, DATE_DEBUT, DATE_FIN)
VALUES (8, 20180183, 4, '2021-02-14', '2022-02-14');

INSERT INTO responsabilites (CLUB_ID, NUM_ETUDIANT, POSTE_ID, DATE_DEBUT, DATE_FIN)
VALUES (8, 20170153, 1, '2022-02-14', '2023-02-14');
INSERT INTO responsabilites (CLUB_ID, NUM_ETUDIANT, POSTE_ID, DATE_DEBUT, DATE_FIN)
VALUES (8, 20180183, 2, '2022-02-14', '2023-02-14');
INSERT INTO responsabilites (CLUB_ID, NUM_ETUDIANT, POSTE_ID, DATE_DEBUT, DATE_FIN)
VALUES (8, 20180528, 3, '2022-02-14', '2023-02-14');
INSERT INTO responsabilites (CLUB_ID, NUM_ETUDIANT, POSTE_ID, DATE_DEBUT, DATE_FIN)
VALUES (8, 20190625, 4, '2022-02-14', '2023-02-14');

INSERT INTO responsabilites (CLUB_ID, NUM_ETUDIANT, POSTE_ID, DATE_DEBUT, DATE_FIN)
VALUES (9, 20170425, 1, '2022-04-08', '2023-04-08');
INSERT INTO responsabilites (CLUB_ID, NUM_ETUDIANT, POSTE_ID, DATE_DEBUT, DATE_FIN)
VALUES (9, 20200272, 2, '2022-04-08', '2023-04-08');
INSERT INTO responsabilites (CLUB_ID, NUM_ETUDIANT, POSTE_ID, DATE_DEBUT, DATE_FIN)
VALUES (9, 20210385, 3, '2022-04-08', '2023-04-08');

INSERT INTO responsabilites (CLUB_ID, NUM_ETUDIANT, POSTE_ID, DATE_DEBUT, DATE_FIN)
VALUES (10, 20170425, 1, '2021-03-27', '2022-03-27');

INSERT INTO responsabilites (CLUB_ID, NUM_ETUDIANT, POSTE_ID, DATE_DEBUT, DATE_FIN)
VALUES (11, 20180395, 1, '2021-03-15', '2022-03-15');
INSERT INTO responsabilites (CLUB_ID, NUM_ETUDIANT, POSTE_ID, DATE_DEBUT, DATE_FIN)
VALUES (11, 20210234, 2, '2021-03-15', '2022-03-15');

INSERT INTO responsabilites (CLUB_ID, NUM_ETUDIANT, POSTE_ID, DATE_DEBUT, DATE_FIN)
VALUES (11, 20210234, 1, '2022-03-15', '2023-03-15');
INSERT INTO responsabilites (CLUB_ID, NUM_ETUDIANT, POSTE_ID, DATE_DEBUT, DATE_FIN)
VALUES (11, 20180395, 2, '2022-03-15', '2023-03-15');

INSERT INTO responsabilites (CLUB_ID, NUM_ETUDIANT, POSTE_ID, DATE_DEBUT, DATE_FIN)
VALUES (12, 20180183, 1, '2021-04-11', '2022-04-11');
INSERT INTO responsabilites (CLUB_ID, NUM_ETUDIANT, POSTE_ID, DATE_DEBUT, DATE_FIN)
VALUES (12, 20190294, 2, '2021-04-11', '2022-04-11');
INSERT INTO responsabilites (CLUB_ID, NUM_ETUDIANT, POSTE_ID, DATE_DEBUT, DATE_FIN)
VALUES (12, 20190108, 3, '2021-04-11', '2022-04-11');
INSERT INTO responsabilites (CLUB_ID, NUM_ETUDIANT, POSTE_ID, DATE_DEBUT, DATE_FIN)
VALUES (12, 20200122, 5, '2021-04-11', '2022-04-11');
INSERT INTO responsabilites (CLUB_ID, NUM_ETUDIANT, POSTE_ID, DATE_DEBUT, DATE_FIN)
VALUES (12, 20200272, 5, '2021-04-11', '2022-04-11');

INSERT INTO responsabilites (CLUB_ID, NUM_ETUDIANT, POSTE_ID, DATE_DEBUT, DATE_FIN)
VALUES (12, 20190108, 1, '2022-04-11', '2023-04-11');
INSERT INTO responsabilites (CLUB_ID, NUM_ETUDIANT, POSTE_ID, DATE_DEBUT, DATE_FIN)
VALUES (12, 20200272, 2, '2022-04-11', '2023-04-11');
INSERT INTO responsabilites (CLUB_ID, NUM_ETUDIANT, POSTE_ID, DATE_DEBUT, DATE_FIN)
VALUES (12, 20190294, 3, '2022-04-11', '2023-04-11');

-- Event 1 : EGC LIVE
INSERT INTO budget (MONTANT) VALUE (500);
INSERT INTO commite (COMITE_ID, DATE_CREATION, DATE_DISSOLUTION)
VALUES (1, '2022-01-20', '2022-02-27');
INSERT INTO compose (NUM_ETUDIANT, POSTE_ID, COMITE_ID)
VALUES (20190294, 1, 1);
INSERT INTO compose (NUM_ETUDIANT, POSTE_ID, COMITE_ID)
VALUES (20170153, 2, 1);
INSERT INTO compose (NUM_ETUDIANT, POSTE_ID, COMITE_ID)
VALUES (20190625, 3, 1);
INSERT INTO evenements (NOM_EVENT, DATE_DEBUT, DATE_FIN, TYPE_ID, BUDGET_ID, COMITE_ID)
VALUES ('EGC Live', '2022-02-26 13:00', '2022-02-27 10:00', 5, 1, 1);
INSERT INTO organise (CLUB_ID, EVENT_ID)
VALUES (8, 1);
INSERT INTO organise (CLUB_ID, EVENT_ID)
VALUES (6, 1);

-- Event 2 : Crepes
INSERT INTO budget (MONTANT) VALUE (50);
INSERT INTO evenements (NOM_EVENT, DATE_DEBUT, DATE_FIN, TYPE_ID, BUDGET_ID)
VALUES ('Distribution de crêpes', '2022-03-17 10:00', '2022-03-17 16:00', 9, 2);
INSERT INTO organise (CLUB_ID, EVENT_ID)
VALUES (11, 2);

-- Event 3 : AfterPOD
INSERT INTO budget (MONTANT) VALUE (3000);
INSERT INTO commite (COMITE_ID, DATE_CREATION, DATE_DISSOLUTION)
VALUES (2, '2022-03-10', '2022-04-02');
INSERT INTO compose (NUM_ETUDIANT, POSTE_ID, COMITE_ID)
VALUES (20180528, 1, 2);
INSERT INTO compose (NUM_ETUDIANT, POSTE_ID, COMITE_ID)
VALUES (20180183, 2, 2);
INSERT INTO compose (NUM_ETUDIANT, POSTE_ID, COMITE_ID)
VALUES (20190625, 3, 2);
INSERT INTO evenements (NOM_EVENT, DATE_DEBUT, DATE_FIN, TYPE_ID, BUDGET_ID, COMITE_ID)
VALUES ('AfterPOD', '2022-04-01 18:00', '2022-04-01 22:00', 2, 3, 2);
INSERT INTO organise (CLUB_ID, EVENT_ID)
VALUES (2, 3);
INSERT INTO organise (CLUB_ID, EVENT_ID)
VALUES (3, 3);

-- Event 4 : eloquence
INSERT INTO budget (MONTANT) VALUE (10);
INSERT INTO evenements (NOM_EVENT, DATE_DEBUT, DATE_FIN, TYPE_ID, BUDGET_ID)
VALUES ('Concours d''eloquence', '2021-11-21 14:00', '2021-11-21 17:00', 3, 4);
INSERT INTO organise (CLUB_ID, EVENT_ID)
VALUES (5, 4);

-- Event 5 : Rézal XXVI
INSERT INTO budget (MONTANT) VALUE (300);
INSERT INTO evenements (NOM_EVENT, DATE_DEBUT, DATE_FIN, TYPE_ID, BUDGET_ID)
VALUES ('Rézal XXVI - No Time To Lag', '2021-11-27 15:00', '2021-11-28 6:00', 7, 5);
INSERT INTO organise (CLUB_ID, EVENT_ID)
VALUES (1, 5);

-- Event 6 : Rézal XXVII
INSERT INTO budget (MONTANT) VALUE (300);
INSERT INTO evenements (NOM_EVENT, DATE_DEBUT, DATE_FIN, TYPE_ID, BUDGET_ID)
VALUES ('Rézal XXVII - OnlyLans', '2022-03-26 17:00', '2022-03-27 6:00', 7, 6);
INSERT INTO organise (CLUB_ID, EVENT_ID)
VALUES (1, 6);

-- Event 7 : Battle Of The Bands
INSERT INTO budget (MONTANT) VALUE (3000);
INSERT INTO commite (COMITE_ID, DATE_CREATION, DATE_DISSOLUTION)
VALUES (3, '2022-01-15', '2022-03-12');
INSERT INTO compose (NUM_ETUDIANT, POSTE_ID, COMITE_ID)
VALUES (20190625, 1, 3);
INSERT INTO compose (NUM_ETUDIANT, POSTE_ID, COMITE_ID)
VALUES (20180183, 2, 3);
INSERT INTO compose (NUM_ETUDIANT, POSTE_ID, COMITE_ID)
VALUES (20180528, 3, 3);
INSERT INTO evenements (NOM_EVENT, DATE_DEBUT, DATE_FIN, TYPE_ID, BUDGET_ID, COMITE_ID)
VALUES ('Battle of the Bands', '2022-03-12 20:00', '2022-03-13 02:00', 8, 7, 3);
INSERT INTO organise (CLUB_ID, EVENT_ID)
VALUES (2, 7);
INSERT INTO organise (CLUB_ID, EVENT_ID)
VALUES (3, 7);
INSERT INTO organise (CLUB_ID, EVENT_ID)
VALUES (6, 7);

-- Event 8 : Crepes again
INSERT INTO budget (MONTANT) VALUE (50);
INSERT INTO evenements (NOM_EVENT, DATE_DEBUT, DATE_FIN, TYPE_ID, BUDGET_ID)
VALUES ('Distribution de crêpes', timestampadd(HOUR, 11, CURDATE()), timestampadd(HOUR, 17, CURDATE()), 9, 8);
INSERT INTO organise (CLUB_ID, EVENT_ID)
VALUES (11, 8);

-- Event 9 : Formation cybersécu
INSERT INTO budget (MONTANT) VALUE (500);
INSERT INTO evenements (NOM_EVENT, DATE_DEBUT, DATE_FIN, TYPE_ID, BUDGET_ID)
VALUES ('Formation cybersécurité', timestampadd(HOUR, 14, CURDATE()), timestampadd(HOUR, 16, CURDATE()), 4, 9);
INSERT INTO organise (CLUB_ID, EVENT_ID)
VALUES (2, 9);

-- Event 10 : Stand Maquillage
INSERT INTO budget (MONTANT) VALUE (120);
INSERT INTO evenements (NOM_EVENT, DATE_DEBUT, DATE_FIN, TYPE_ID, BUDGET_ID)
VALUES ('Stand Maquillage', timestampadd(HOUR, 10, CURDATE()), timestampadd(HOUR, 18, CURDATE()), 9, 10);
INSERT INTO organise (CLUB_ID, EVENT_ID)
VALUES (7, 10);

-- Event 11 : Bricolage technique
INSERT INTO budget (MONTANT) VALUE (50);
INSERT INTO commite (COMITE_ID, DATE_CREATION, DATE_DISSOLUTION)
VALUES (7, '2021-05-10 14:00', '2021-06-23 12:00');
INSERT INTO compose (NUM_ETUDIANT, POSTE_ID, COMITE_ID)
VALUES (20200272, 1, 7);
INSERT INTO evenements (NOM_EVENT, DATE_DEBUT, DATE_FIN, TYPE_ID, BUDGET_ID, COMITE_ID)
VALUES ('Bricolage technique', timestampadd(HOUR, 10, CURDATE()), timestampadd(HOUR, 18, CURDATE()), 3, 11, 7);
INSERT INTO organise (CLUB_ID, EVENT_ID)
VALUES (4, 11);

-- Event 12 : Concert amphi C
INSERT INTO budget (MONTANT) VALUE (200);
INSERT INTO commite (COMITE_ID, DATE_CREATION, DATE_DISSOLUTION)
VALUES (4, CURDATE(), CURDATE());
INSERT INTO compose (NUM_ETUDIANT, POSTE_ID, COMITE_ID)
VALUES (20200122, 1, 4);
INSERT INTO compose (NUM_ETUDIANT, POSTE_ID, COMITE_ID)
VALUES (20190294, 2, 4);
INSERT INTO compose (NUM_ETUDIANT, POSTE_ID, COMITE_ID)
VALUES (20200122, 3, 4);
INSERT INTO compose (NUM_ETUDIANT, POSTE_ID, COMITE_ID)
VALUES (20190625, 4, 4);
INSERT INTO compose (NUM_ETUDIANT, POSTE_ID, COMITE_ID)
VALUES (20200272, 4, 4);
INSERT INTO evenements (NOM_EVENT, DATE_DEBUT, DATE_FIN, TYPE_ID, BUDGET_ID, COMITE_ID)
VALUES ('Concert amphi C', timestampadd(HOUR, 13, CURDATE()), timestampadd(HOUR, 16, CURDATE()), 8, 12, 4);
INSERT INTO organise (CLUB_ID, EVENT_ID)
VALUES (3, 12);
INSERT INTO organise (CLUB_ID, EVENT_ID)
VALUES (6, 12);

-- Event 13 : No Rézal
INSERT INTO budget (MONTANT) VALUE (0);
INSERT INTO evenements (NOM_EVENT, DATE_DEBUT, DATE_FIN, TYPE_ID, BUDGET_ID)
VALUES ('No Rézal', '2021-09-01 14:00', '2022-09-02 6:00', 7, 13);
INSERT INTO organise (CLUB_ID, EVENT_ID)
VALUES (1, 13);

-- Event 14 : Tournoi LOL
INSERT INTO budget (MONTANT) VALUE (120);
INSERT INTO commite (COMITE_ID, DATE_CREATION, DATE_DISSOLUTION)
VALUES (5, '2021-05-10 14:00', '2021-06-23 12:00');
INSERT INTO compose (NUM_ETUDIANT, POSTE_ID, COMITE_ID)
VALUES (20190294, 1, 5);
INSERT INTO compose (NUM_ETUDIANT, POSTE_ID, COMITE_ID)
VALUES (20180183, 2, 5);
INSERT INTO compose (NUM_ETUDIANT, POSTE_ID, COMITE_ID)
VALUES (20180528, 3, 5);
INSERT INTO evenements (NOM_EVENT, DATE_DEBUT, DATE_FIN, TYPE_ID, BUDGET_ID, COMITE_ID)
VALUES ('Tournoi LOL', '2021-06-21 14:00', '2021-06-22 22:00', 5, 14, 5);
INSERT INTO organise (CLUB_ID, EVENT_ID)
VALUES (8, 14);
INSERT INTO organise (CLUB_ID, EVENT_ID)
VALUES (7, 14);

-- Event 15 : Amogus
INSERT INTO budget (MONTANT) VALUE (0);
INSERT INTO commite (COMITE_ID, DATE_CREATION, DATE_DISSOLUTION)
VALUES (6, '2021-04-08 18:00', '2021-04-09 01:00');
INSERT INTO compose (NUM_ETUDIANT, POSTE_ID, COMITE_ID)
VALUES (20210385, 1, 6);
INSERT INTO compose (NUM_ETUDIANT, POSTE_ID, COMITE_ID)
VALUES (20190156, 2, 6);
INSERT INTO evenements (NOM_EVENT, DATE_DEBUT, DATE_FIN, TYPE_ID, BUDGET_ID, COMITE_ID)
VALUES ('Amogus', '2021-04-08 18:00', '2021-04-09 01:00', 10, 15, 6);
INSERT INTO organise (CLUB_ID, EVENT_ID)
VALUES (1, 15);

-- Event 16 : Campagne bretonne
INSERT INTO budget (MONTANT) VALUE (458);
INSERT INTO commite (COMITE_ID, DATE_CREATION, DATE_DISSOLUTION)
VALUES (8, '2021-09-01 12:00', '2022-08-31 14:00');
INSERT INTO compose (NUM_ETUDIANT, POSTE_ID, COMITE_ID)
VALUES (20200272, 1, 8);
INSERT INTO compose (NUM_ETUDIANT, POSTE_ID, COMITE_ID)
VALUES (20170425, 2, 8);
INSERT INTO evenements (NOM_EVENT, DATE_DEBUT, DATE_FIN, TYPE_ID, BUDGET_ID, COMITE_ID)
VALUES ('Campagne bretonne', '2022-04-08 12:00', '2023-03-21 19:00', 10, 16, 8);
INSERT INTO organise (CLUB_ID, EVENT_ID)
VALUES (9, 16);


select e.NOM_EVENT, montant, c.NOM_CLUB, e.DATE_DEBUT, e.DATE_FIN
from budget b,
     organise
         join clubs c on c.CLUB_ID = organise.CLUB_ID
         join evenements e on e.EVENT_ID = organise.EVENT_ID
where e.BUDGET_ID = b.BUDGET_ID group by NOM_EVENT, e.EVENT_ID order by e.EVENT_ID;

select e.NOM_ETUDIANT, p.titre, ev.NOM_EVENT
from poste p,
     etudiants e,
     evenements ev,
     compose,
     commite c
where ev.COMITE_ID = c.COMITE_ID
  and c.COMITE_ID = compose.COMITE_ID
  and compose.NUM_ETUDIANT = e.NUM_ETUDIANT
  and compose.POSTE_ID = p.POSTE_ID;


INSERT INTO rapports (DATE_ECRITURE, DATE_SOUMISSION, ETAT_ID, CLUB_ID)
VALUES ('2021-05-11', '2021-05-11', 5, 1);
INSERT INTO rapports (DATE_ECRITURE, DATE_SOUMISSION, ETAT_ID, CLUB_ID)
VALUES ('2021-05-11', '2021-05-11', 5, 2);
INSERT INTO rapports (DATE_ECRITURE, DATE_SOUMISSION, ETAT_ID, CLUB_ID)
VALUES ('2021-03-29', '2021-04-16', 5, 3);
INSERT INTO rapports (DATE_ECRITURE, DATE_SOUMISSION, ETAT_ID, CLUB_ID)
VALUES ('2021-04-15', '2021-04-28', 5, 4);
INSERT INTO rapports (DATE_ECRITURE, DATE_SOUMISSION, ETAT_ID, CLUB_ID)
VALUES ('2021-04-04', '2021-05-14', 5, 7);
INSERT INTO rapports (DATE_ECRITURE, DATE_SOUMISSION, ETAT_ID, CLUB_ID)
VALUES ('2021-02-28', '2021-03-11', 5, 8);
INSERT INTO rapports (DATE_ECRITURE, DATE_SOUMISSION, ETAT_ID, CLUB_ID)
VALUES (NULL, NULL, 1, 10);
INSERT INTO rapports (DATE_ECRITURE, DATE_SOUMISSION, ETAT_ID, CLUB_ID)
VALUES ('2021-06-05', NULL, 3, 11);
INSERT INTO rapports (DATE_ECRITURE, DATE_SOUMISSION, ETAT_ID, CLUB_ID)
VALUES ('2021-03-18', '2022-02-22', 5, 12);

INSERT INTO rapports (DATE_ECRITURE, DATE_SOUMISSION, ETAT_ID, CLUB_ID)
VALUES (CURDATE(), CURDATE(), 5, 1);
INSERT INTO rapports (DATE_ECRITURE, DATE_SOUMISSION, ETAT_ID, CLUB_ID)
VALUES (NULL, NULL, 2, 2);
INSERT INTO rapports (DATE_ECRITURE, DATE_SOUMISSION, ETAT_ID, CLUB_ID)
VALUES ('2022-04-03', NULL, 3, 3);
INSERT INTO rapports (DATE_ECRITURE, DATE_SOUMISSION, ETAT_ID, CLUB_ID)
VALUES (NULL, NULL, 2, 4);
INSERT INTO rapports (DATE_ECRITURE, DATE_SOUMISSION, ETAT_ID, CLUB_ID)
VALUES ('2022-04-17', '2022-04-17', 5, 5);
INSERT INTO rapports (DATE_ECRITURE, DATE_SOUMISSION, ETAT_ID, CLUB_ID)
VALUES (NULL, NULL, 2, 6);
INSERT INTO rapports (DATE_ECRITURE, DATE_SOUMISSION, ETAT_ID, CLUB_ID)
VALUES (NULL, NULL, 1, 7);
INSERT INTO rapports (DATE_ECRITURE, DATE_SOUMISSION, ETAT_ID, CLUB_ID)
VALUES ('2022-04-07', NULL, 4, 8);
INSERT INTO rapports (DATE_ECRITURE, DATE_SOUMISSION, ETAT_ID, CLUB_ID)
VALUES ('2022-04-10', '2022-04-12', 5, 9);
INSERT INTO rapports (DATE_ECRITURE, DATE_SOUMISSION, ETAT_ID, CLUB_ID)
VALUES ('2022-03-18', NULL, 3, 11);
INSERT INTO rapports (DATE_ECRITURE, DATE_SOUMISSION, ETAT_ID, CLUB_ID)
VALUES ('2022-04-12', '2022-04-13', 5, 12);

select c.NOM_CLUB, er.ETAT, date_ecriture, DATE_SOUMISSION, RAPPORT_ID
from rapports
         join clubs c on c.CLUB_ID = rapports.CLUB_ID
         join etats_rapports er on er.ETAT_ID = rapports.ETAT_ID order by NOM_CLUB;


INSERT INTO signe (NUM_ETUDIANT, RAPPORT_ID, DATE_SIGNATURE)
VALUES (20190625, 1, '2021-05-11 04:12:00');
INSERT INTO signe (NUM_ETUDIANT, RAPPORT_ID, DATE_SIGNATURE)
VALUES (20190156, 1, '2021-05-11 04:18:00');
INSERT INTO signe (NUM_ETUDIANT, RAPPORT_ID, DATE_SIGNATURE)
VALUES (20200122, 1, '2021-05-11 04:13:00');
INSERT INTO signe (NUM_ETUDIANT, RAPPORT_ID, DATE_SIGNATURE)
VALUES (20170153, 2, '2021-05-11 14:29:00');
INSERT INTO signe (NUM_ETUDIANT, RAPPORT_ID, DATE_SIGNATURE)
VALUES (20200272, 2, '2021-05-11 14:20:00');
INSERT INTO signe (NUM_ETUDIANT, RAPPORT_ID, DATE_SIGNATURE)
VALUES (20180528, 2, '2021-05-11 14:33:00');
INSERT INTO signe (NUM_ETUDIANT, RAPPORT_ID, DATE_SIGNATURE)
VALUES (20190321, 2, '2021-05-11 14:26:00');
INSERT INTO signe (NUM_ETUDIANT, RAPPORT_ID, DATE_SIGNATURE)
VALUES (20170153, 3, '2021-03-29 17:21:00');
INSERT INTO signe (NUM_ETUDIANT, RAPPORT_ID, DATE_SIGNATURE)
VALUES (20190294, 3, '2021-04-15 09:17:00');
INSERT INTO signe (NUM_ETUDIANT, RAPPORT_ID, DATE_SIGNATURE)
VALUES (20200122, 3, '2021-04-07 18:47:00');
INSERT INTO signe (NUM_ETUDIANT, RAPPORT_ID, DATE_SIGNATURE)
VALUES (20200272, 4, '2021-04-15 23:36:00');
INSERT INTO signe (NUM_ETUDIANT, RAPPORT_ID, DATE_SIGNATURE)
VALUES (20210234, 4, '2021-04-17 20:37:00');
INSERT INTO signe (NUM_ETUDIANT, RAPPORT_ID, DATE_SIGNATURE)
VALUES (20210123, 4, '2021-04-25 11:44:00');
INSERT INTO signe (NUM_ETUDIANT, RAPPORT_ID, DATE_SIGNATURE)
VALUES (20170153, 5, '2021-04-04 07:26:00');
INSERT INTO signe (NUM_ETUDIANT, RAPPORT_ID, DATE_SIGNATURE)
VALUES (20190156, 5, '2021-04-05 10:02:00');
INSERT INTO signe (NUM_ETUDIANT, RAPPORT_ID, DATE_SIGNATURE)
VALUES (20190321, 5, '2021-05-14 21:33:00');
INSERT INTO signe (NUM_ETUDIANT, RAPPORT_ID, DATE_SIGNATURE)
VALUES (20180183, 6, '2021-02-28 19:28:00');
INSERT INTO signe (NUM_ETUDIANT, RAPPORT_ID, DATE_SIGNATURE)
VALUES (20180528, 6, '2021-03-10 22:22:00');
INSERT INTO signe (NUM_ETUDIANT, RAPPORT_ID, DATE_SIGNATURE)
VALUES (20190625, 6, '2021-03-05 15:26:00');
INSERT INTO signe (NUM_ETUDIANT, RAPPORT_ID, DATE_SIGNATURE)
VALUES (20170153, 6, '2021-03-05 15:23:00');
INSERT INTO signe (NUM_ETUDIANT, RAPPORT_ID, DATE_SIGNATURE)
VALUES (20210234, 8, '2021-06-05 22:11:00');
INSERT INTO signe (NUM_ETUDIANT, RAPPORT_ID, DATE_SIGNATURE)
VALUES (20180183, 9, '2021-03-18 23:59:59');
INSERT INTO signe (NUM_ETUDIANT, RAPPORT_ID, DATE_SIGNATURE)
VALUES (20190108, 9, '2021-09-27 11:11:11');
INSERT INTO signe (NUM_ETUDIANT, RAPPORT_ID, DATE_SIGNATURE)
VALUES (20190294, 9, '2022-02-21 23:14:00');
INSERT INTO signe (NUM_ETUDIANT, RAPPORT_ID, DATE_SIGNATURE)
VALUES (20200122, 9, '2021-05-15 12:13:14');
INSERT INTO signe (NUM_ETUDIANT, RAPPORT_ID, DATE_SIGNATURE)
VALUES (20180183, 10, timestampadd(MINUTE , 11, timestampadd(HOUR, 22, CURDATE())));
INSERT INTO signe (NUM_ETUDIANT, RAPPORT_ID, DATE_SIGNATURE)
VALUES (20180395, 10, timestampadd(MINUTE , 09, timestampadd(HOUR, 22, CURDATE())));
INSERT INTO signe (NUM_ETUDIANT, RAPPORT_ID, DATE_SIGNATURE)
VALUES (20190156, 10, timestampadd(MINUTE , 15, timestampadd(HOUR, 22, CURDATE())));
INSERT INTO signe (NUM_ETUDIANT, RAPPORT_ID, DATE_SIGNATURE)
VALUES (20210123, 10, timestampadd(MINUTE , 17, timestampadd(HOUR, 22, CURDATE())));
INSERT INTO signe (NUM_ETUDIANT, RAPPORT_ID, DATE_SIGNATURE)
VALUES (20210385, 10, timestampadd(MINUTE , 10, timestampadd(HOUR, 22, CURDATE())));
INSERT INTO signe (NUM_ETUDIANT, RAPPORT_ID, DATE_SIGNATURE)
VALUES (20180183, 12, '2022-03-28 15:04:00');
INSERT INTO signe (NUM_ETUDIANT, RAPPORT_ID, DATE_SIGNATURE)
VALUES (20200122, 12, '2022-04-11 09:06:00');
INSERT INTO signe (NUM_ETUDIANT, RAPPORT_ID, DATE_SIGNATURE)
VALUES (20180395, 14, '2022-04-17 08:00:00');
INSERT INTO signe (NUM_ETUDIANT, RAPPORT_ID, DATE_SIGNATURE)
VALUES (20180528, 17, '2022-04-07 12:34:00');
INSERT INTO signe (NUM_ETUDIANT, RAPPORT_ID, DATE_SIGNATURE)
VALUES (20190625, 17, '2022-04-12 22:34:00');
INSERT INTO signe (NUM_ETUDIANT, RAPPORT_ID, DATE_SIGNATURE)
VALUES (20170153, 17, '2022-04-17 02:26:00');
INSERT INTO signe (NUM_ETUDIANT, RAPPORT_ID, DATE_SIGNATURE)
VALUES (20180183, 17, '2022-04-17 02:28:00');
INSERT INTO signe (NUM_ETUDIANT, RAPPORT_ID, DATE_SIGNATURE)
VALUES (20210385, 18, '2022-04-10 11:22:00');
INSERT INTO signe (NUM_ETUDIANT, RAPPORT_ID, DATE_SIGNATURE)
VALUES (20200272, 18, '2022-04-10 11:25:00');
INSERT INTO signe (NUM_ETUDIANT, RAPPORT_ID, DATE_SIGNATURE)
VALUES (20170425, 18, '2022-04-10 11:23:00');
INSERT INTO signe (NUM_ETUDIANT, RAPPORT_ID, DATE_SIGNATURE)
VALUES (20210234, 19, '2022-03-18 14:43:00');
INSERT INTO signe (NUM_ETUDIANT, RAPPORT_ID, DATE_SIGNATURE)
VALUES (20190294, 20, '2022-04-11 14:43:00');
INSERT INTO signe (NUM_ETUDIANT, RAPPORT_ID, DATE_SIGNATURE)
VALUES (20200272, 20, '2022-04-12 17:41:00');
INSERT INTO signe (NUM_ETUDIANT, RAPPORT_ID, DATE_SIGNATURE)
VALUES (20190108, 20, '2022-04-13 09:23:00');


INSERT INTO calendrier_argent (calendrier_id, variation, affectation, date_variation, comite_id, budget_id)
values (1, 200, 'sponsors', '2022-01-26', 1, 1);
INSERT INTO calendrier_argent (calendrier_id, variation, affectation, date_variation, comite_id, budget_id)
values (2, -2500, 'boissons', '2022-03-15', 2, 3);
INSERT INTO calendrier_argent (calendrier_id, variation, affectation, date_variation, comite_id, budget_id)
values (3, -300, 'matériel', '2022-04-12', 4, 12);
INSERT INTO calendrier_argent (calendrier_id, variation, affectation, date_variation, comite_id, budget_id)
values (4, 50, 'administration', '2022-02-15', 3, 7);
INSERT INTO calendrier_argent (calendrier_id, variation, affectation, date_variation, comite_id, budget_id)
values (5, 250, 'places', '2022-03-30', 2, 3);
INSERT INTO calendrier_argent (calendrier_id, variation, affectation, date_variation, comite_id, budget_id)
values (6, -200, 'événement', '2022-02-20', 1, 1);
INSERT INTO calendrier_argent (calendrier_id, variation, affectation, date_variation, comite_id, budget_id)
values (7, -280, 'costumes', '2022-04-12', 4, 12);
INSERT INTO calendrier_argent (calendrier_id, variation, affectation, date_variation, comite_id, budget_id)
values (8, -50, 'photographe', '2022-01-21', 1, 1);
INSERT INTO calendrier_argent (calendrier_id, variation, affectation, date_variation, comite_id, budget_id)
values (9, 700, 'sponsors', '2022-03-20', 2, 3);
INSERT INTO calendrier_argent (calendrier_id, variation, affectation, date_variation, comite_id, budget_id)
values (10, 400, 'sponsors', '2022-03-15', 3, 7);
INSERT INTO calendrier_argent (calendrier_id, variation, affectation, date_variation, comite_id, budget_id)
values (11, 200, 'sponsors', '2021-06-15', 5, 14);
INSERT INTO calendrier_argent (calendrier_id, variation, affectation, date_variation, comite_id, budget_id)
values (12, -400, 'RP', '2021-06-12', 5, 14);
INSERT INTO calendrier_argent (calendrier_id, variation, affectation, date_variation, comite_id, budget_id)
values (13, -200, 'nourriture', '2021-06-11', 5, 14);
INSERT INTO calendrier_argent (calendrier_id, variation, affectation, date_variation, comite_id, budget_id)
values (14, -50, 'récompenses', '2021-02-22', 6, 15);
INSERT INTO calendrier_argent (calendrier_id, variation, affectation, date_variation, comite_id, budget_id)
values (15, -300, 'matériel', '2022-04-13', 7, 11);
INSERT INTO calendrier_argent (calendrier_id, variation, affectation, date_variation, comite_id, budget_id)
values (16, -50, 't-shirt', '2022-03-15', 7, 11);
INSERT INTO calendrier_argent (calendrier_id, variation, affectation, date_variation, comite_id, budget_id)
values (17, -900, 'tacos', '2022-04-01', 2, 3);
INSERT INTO calendrier_argent (calendrier_id, variation, affectation, date_variation, comite_id, budget_id)
values (18, -100, 'location', '2022-03-12', 3, 7);
INSERT INTO calendrier_argent (calendrier_id, variation, affectation, date_variation, comite_id, budget_id)
values (19, -50, 'location', '2022-04-01', 2, 3);
INSERT INTO calendrier_argent (calendrier_id, variation, affectation, date_variation, comite_id, budget_id)
values (20, -10, 'location', '2022-04-01', 2, 3);
INSERT INTO calendrier_argent (calendrier_id, variation, affectation, date_variation, comite_id, budget_id)
values (21, -1000, 'location', '2022-03-12', 3, 7);
INSERT INTO calendrier_argent (calendrier_id, variation, affectation, date_variation, comite_id, budget_id)
values (22, -800, 'location', '2022-04-15', 7, 11);
INSERT INTO calendrier_argent (calendrier_id, variation, affectation, date_variation, comite_id, budget_id)
values (23, -333, 'boisson', '2021-11-19', 8, 16);

select *
from calendrier_argent;

INSERT INTO taches (DESCRIPTION, CALENDRIER_ID, EVENT_ID, RESPONSABLE_ID)
VALUES ('Achats de matériel et boissons pour l''évenement', 6, 1, 20170153);
INSERT INTO taches (DESCRIPTION, CALENDRIER_ID, EVENT_ID, RESPONSABLE_ID)
VALUES ('Paiement du photographe professionnel', 8, 1, 20170153);
INSERT INTO taches (DESCRIPTION, CALENDRIER_ID, EVENT_ID, RESPONSABLE_ID)
VALUES ('Paiement des boissons auprès du prestataire', 2, 3, 20180528);
INSERT INTO taches (DESCRIPTION, CALENDRIER_ID, EVENT_ID, RESPONSABLE_ID)
VALUES ('Achat de matériel technique pour le concert', 3, 12, 20190625);
INSERT INTO taches (DESCRIPTION, CALENDRIER_ID, EVENT_ID, RESPONSABLE_ID)
VALUES ('Achat de costumes drôles et sériéux', 7, 12, 20190294);
INSERT INTO taches (DESCRIPTION, CALENDRIER_ID, EVENT_ID, RESPONSABLE_ID)
VALUES ('Récompenses points RP pour les vainqueurs', 12, 14, 20180183);
INSERT INTO taches (DESCRIPTION, CALENDRIER_ID, EVENT_ID, RESPONSABLE_ID)
VALUES ('Achat de nourriture pour les joueurs', 13, 14, 20180528);
INSERT INTO taches (DESCRIPTION, CALENDRIER_ID, EVENT_ID, RESPONSABLE_ID)
VALUES ('Achat de goodies pour les joueurs', 14, 15, 20210385);
INSERT INTO taches (DESCRIPTION, CALENDRIER_ID, EVENT_ID, RESPONSABLE_ID)
VALUES ('Achats de matériel technique', 15, 11, 20200272);
INSERT INTO taches (DESCRIPTION, CALENDRIER_ID, EVENT_ID, RESPONSABLE_ID)
VALUES ('Achats de t-shirts', 16, 11, 20200272);
INSERT INTO taches (DESCRIPTION, CALENDRIER_ID, EVENT_ID, RESPONSABLE_ID)
VALUES ('Paiement des tacos pour les étudiants', 17, 3, 20180183);
INSERT INTO taches (DESCRIPTION, CALENDRIER_ID, EVENT_ID, RESPONSABLE_ID)
VALUES ('Paiement de la location de la camionette', 18, 7, 20180183);
INSERT INTO taches (DESCRIPTION, CALENDRIER_ID, EVENT_ID, RESPONSABLE_ID)
VALUES ('Paiement de la location de l''enceinte', 19, 3, 20180183);
INSERT INTO taches (DESCRIPTION, CALENDRIER_ID, EVENT_ID, RESPONSABLE_ID)
VALUES ('Paiement de la location du micro', 20, 3, 20180183);
INSERT INTO taches (DESCRIPTION, CALENDRIER_ID, EVENT_ID, RESPONSABLE_ID)
VALUES ('Paiement de la location de la salle', 21, 7, 20180528);
INSERT INTO taches (DESCRIPTION, CALENDRIER_ID, EVENT_ID, RESPONSABLE_ID)
VALUES ('Paiement de location de caméra', 22, 11, 20200272);
INSERT INTO taches (DESCRIPTION, CALENDRIER_ID, EVENT_ID, RESPONSABLE_ID)
VALUES ('Achat Breizh Cola', 23, 16, 20200272);

INSERT INTO traitement (OBJET, DATE_TRAITEMENT, PROVENANCE_ID, TYPE_ID, CLUB_ID)
VALUES ('Prix Innovation', '2022-02-02', 4, 3, 4);
INSERT INTO traitement (OBJET, DATE_TRAITEMENT, PROVENANCE_ID, TYPE_ID, CLUB_ID)
VALUES ('Dégradation', '2021-08-22', 1, 2, 8);
INSERT INTO traitement (OBJET, DATE_TRAITEMENT, PROVENANCE_ID, TYPE_ID, CLUB_ID)
VALUES ('Tapage nocturne - Efrei Dodo dormait', '2021-03-26', 7, 2, 8);
INSERT INTO traitement (OBJET, DATE_TRAITEMENT, PROVENANCE_ID, TYPE_ID, CLUB_ID)
VALUES ('Câbles manquants', '2021-03-29', 1, 2, 1);
INSERT INTO traitement (OBJET, DATE_TRAITEMENT, PROVENANCE_ID, TYPE_ID, CLUB_ID)
VALUES ('Prix meilleur meilleur événement', '1998-11-25', 4, 3, 3);
INSERT INTO traitement (OBJET, DATE_TRAITEMENT, PROVENANCE_ID, TYPE_ID, CLUB_ID)
VALUES ('Vol de caméras très chères', CURDATE(), 7, 1, 6);
INSERT INTO traitement (OBJET, DATE_TRAITEMENT, PROVENANCE_ID, TYPE_ID, CLUB_ID)
VALUES ('Prix meilleur photo 2022 - Décerné par Rolling Stones magazine', '2022-02-16', 6, 3, 12);
INSERT INTO traitement (OBJET, DATE_TRAITEMENT, PROVENANCE_ID, TYPE_ID, CLUB_ID)
VALUES ('Prix Grand Discours', '2022-04-11', 2, 3, 5);
INSERT INTO traitement (OBJET, DATE_TRAITEMENT, PROVENANCE_ID, TYPE_ID, CLUB_ID)
VALUES ('Dissolution assos', '2022-04-01', 1, 1, 2);
INSERT INTO traitement (OBJET, DATE_TRAITEMENT, PROVENANCE_ID, TYPE_ID, CLUB_ID)
VALUES ('Félicitations', '2021-12-25', 1, 3, 9);
INSERT INTO traitement (OBJET, DATE_TRAITEMENT, PROVENANCE_ID, TYPE_ID, CLUB_ID)
VALUES ('Félicitations', '2021-12-25', 1, 3, 1);
INSERT INTO traitement (OBJET, DATE_TRAITEMENT, PROVENANCE_ID, TYPE_ID, CLUB_ID)
VALUES ('Félicitations', '2021-12-25', 1, 3, 7);
INSERT INTO traitement (OBJET, DATE_TRAITEMENT, PROVENANCE_ID, TYPE_ID, CLUB_ID)
VALUES ('Félicitations', '2021-12-25', 1, 3, 4);
INSERT INTO traitement (OBJET, DATE_TRAITEMENT, PROVENANCE_ID, TYPE_ID, CLUB_ID)
VALUES ('Meilleur projet associatif 2021 : Borne d''arcade', '2021-12-25', 1, 3, 4);
INSERT INTO traitement (OBJET, DATE_TRAITEMENT, PROVENANCE_ID, TYPE_ID, CLUB_ID)
VALUES ('Meilleur projet associatif 2020 : Main robot', '2020-12-23', 1, 3, 4);
INSERT INTO traitement (OBJET, DATE_TRAITEMENT, PROVENANCE_ID, TYPE_ID, CLUB_ID)
VALUES ('Matériel de classe abîmé', '2022-04-03', 1, 1, 6);

SELECT OBJET, p.intitule, t.intitule, NOM_CLUB
from traitement
         join clubs c on c.CLUB_ID = traitement.CLUB_ID
         join provenances p on p.PROVENANCE_ID = traitement.PROVENANCE_ID
        join type_traitement t on t.TRAITEMENT_ID = traitement.TYPE_ID
